Title;Genre;Developer;Platform;Release_year
>Observer_;First-person adventure Walking simulator, Psychological horror, science fiction, Cyberpunk;Bloober Team, Aspyr;Windows, Linux, macOS, PlayStation 4, Xbox One;2017
13 WOOD ST;Adventure game;SEKS;Windows;2021
1916: Der Unbekannte Krieg;First-person shooter, psychological horror;DADIU Team 2;Windows, OS X, Browser;2011
2Dark;Survival horror;Gloomywood;Windows, PlayStation 4, Xbox One;2017
3D Monster Maze;First-person adventure;Malcolm Evans;ZX81;1982
7 Days to Die;Survival, open world;The Fun Pimps;Windows;2013
A Nightmare on Elm Street;Platformer;Rare;Nintendo Entertainment System;1990
A Plague Tale: Innocence;Action-adventure game;Asobo Studio;Windows;2019
A Quiet Place;Survival horror;iLLOGIKA, EP1T0ME Studios Inc., Paramount Pictures Corporation;TBA;TBA
A Sound of Thunder;Survival horror, action adventure;Möbius Entertainment;Game Boy Advance;2004
After Dark DLX;Rail Shooter;Universal Space;Arcade;2013
Afterfall: Insanity;post-apocalyptic, survival horror;Intoxicate Studios;Windows;2011
Afterfall: Reconquest;post-apocalyptic, survival horror;Intoxicate Studios;Windows;2015
AITH;Adventure game, Psychological horror;Airdorf;Windows;2017
Akai Ito;Adventure game;Success Corporation;PlayStation 2;2004
Akolyta;First-person adventure;Pterosoft studio;Linux, OS X, Windows;TBA
Alan Wake;Psychological Horror, Survival Horror;Remedy Entertainment;Windows, Xbox 360;2010
Alan Wake's American Nightmare;Psychological Horror, Survival Horror;Remedy Entertainment;Windows, Xbox 360;2012
Alice: Madness Returns;Action-adventure;Spicy Horse;Windows, PlayStation 3, Xbox 360;2011
Alien;Survival horror;Argus Press Software Ltd.;Commodore 64;1984
Alien Breed;Run and gun, top-down shooter;Team17;Amiga;1991
Alien Breed II: The Horror Continues;Run and gun, top-down shooter;Team17;Amiga;1993
Alien Breed: Tower Assault;Run and gun, top-down shooter, Open world;Team17;Amiga;1994
Alien Demon;Survival horror;K-Tel;VIC-20;1983
Alien Syndrome;Run and gun, action role-playing;Totally Games;Wii;2007
Alien Syndrome;Run and gun;Sega;Arcade;1987
Alien vs Predator;First-person shooter;Rebellion Developments;Atari Jaguar;1994
Alien: Blackout;Action-adventure, Stealth;D3 Go!;iOS;2019
Alien: Isolation;Survival horror, action-adventure, stealth, first-person shooter, science fiction;The Creative Assembly;Windows, PlayStation 3, PlayStation 4, Xbox One, Xbox 360;2014
Alien: Resurrection;First-person shooter;Argonaut Software;PlayStation (console);2000
Alien?;Shoot 'em up, platformer;Bits Studios (Game Boy version), Spearsoft (SNES version), Probe Software;Amiga, Commodore 64, Game Boy, NES, Master System, SNES, Sega Genesis;1993
Alien? - The Gun;Rail shooter;Sega;Arcade;1993
Aliens;Shoot 'em up;Konami;Arcade;1990
Aliens versus Predator;First-person shooter;Rebellion Developments;Windows;1999
Aliens versus Predator 2;First-person shooter;Monolith Productions;Windows;2001
Aliens vs Predator;First-person shooter;Rebellion Developments;Windows, PlayStation 3, Xbox 360;2010
Aliens: Colonial Marines;First-person shooter;Sega;Windows, PlayStation 3, Xbox 360;2013
Aliens: Thanatos Encounter;Action-adventure;Wicked Witch Software;Game Boy Color;2001
Aliens: The Computer Game;First-person shooter;Software Studios;Commodore 64;1986
Alone in the Dark;Survival horror, action adventure, cosmic horror;Infogrames;DOS, PC-98, FM Towns, 3DO, OS X, RISC OS, iOS;1992
Alone in the Dark 2;Survival horror, action adventure;Infogrames;DOS, PC-98, FM Towns, 3DO, OS X, Sega Saturn, PlayStation;1993
Alone in the Dark 3;Action-adventure;Infogrames;DOS, PC-98, Windows 95, OS X;1994
Alone in the Dark: Illumination;Third-person shooter;Pure FPS;Windows;2015
Alone in the Dark: Inferno;Survival horror, action adventure, first-person shooter;Eden Games;Windows, PlayStation 3, PlayStation 2, Wii, Xbox 360;2008
Alone in the Dark: The New Nightmare;Survival horror, action adventure, cosmic horror;Darkworks;PlayStation, Game Boy Color, Windows, Dreamcast, PlayStation 2;2001
Amanda the Adventurer;Open world, found footage;DreadXP;Windows;2023
American McGee's Alice;Action-adventure;Rogue Entertainment;Windows, OS X, Xbox 360, PlayStation 3;2000
Amnesia: A Machine for Pigs;First-person adventure, psychological horror, cosmic horror;The Chinese Room;Linux, OS X, Windows;2013
Amnesia: Rebirth;First-person adventure, psychological horror, cosmic horror, survival horror;Frictional Games;Linux, Windows, PlayStation 4;2020
Amnesia: The Dark Descent;First-person adventure, psychological horror, cosmic horror;Frictional Games;Linux, OS X, Windows;2010
Among the Sleep;First-person adventure, psychological horror;Krillbite Studio;Linux, OS X, Windows, PlayStation 4;2014
Amy;Survival horror, stealth;VectorCell;PlayStation 3, Xbox 360;2012
Anchorhead;Interactive fiction, cosmic horror;Michael S. Gentry;DOS;1998
Anna;Adventure game, puzzle;Dreampainters Software;Windows, PlayStation 3, Xbox 360;2012
Ao Oni;Adventure game;noprops;Windows;2008
Araya;First-person adventure;MAD Virtual Reality Studio;Windows;2016
Area 51;First-person shooter;Midway Austin;Windows, PlayStation 2, Xbox;2005
Asylum;Survival horror;Med Systems;TRS-80, Apple II;1981
Atic Atac;Adventure Game;Tim and Chris Stamper;ZX Spectrum, BBC Micro;1983
Atomic Heart;First-person shooter, alternate history;Mundfish;Windows;TBD
Aya;Adventure Game;Pine Entertainment;iOS;2015
Ayumi;Adventure game;Lord Rutsah;Windows;2016
Babysitter Bloodbath;Survival horror;Puppet Combo;Windows;2013
Back in 1995;Survival horror;Throw the Warped Code Out;Windows;2016
Bad Day on the Midway;Adventure game, puzzle;inSCAPE;Windows, Mac;1995
Bad Mojo;Adventure game, puzzle;Pulse Entertainment;Windows;1996
Baldi's Basics in Education and Learning;Survival horror, educational, parody;Basically, Games!;Windows, macOS, Linux, Android, iOS;2018
Banned Memories: Yamanashi;Survival horror;Noah Pauw;Windows;2019
Barrow Hill: Curse of the Ancient Circle;Adventure game, puzzle;Shadow Tor Studios;Windows;2006
Bendy and the Dark Revival;Survival horror, action adventure;Kindly Beast;Windows;2022
Bendy and the Ink Machine;Survival horror, action adventure;Kindly Beast;Windows, OS X, Linux;2017
Beyond the Forbidden Forest;Adventure game;Cosmi Corporation;Commodore 64;1985
Bible Black;Visual novel;Eroge, ActiveSoft;Windows;2000
BioForge;Action-adventure, science fiction;Origin Systems;Windows, MS-DOS;1995
BioShock;First-person shooter, Immersive sim, science fiction;Irrational Games;Windows, Xbox 360, PlayStation 3, OS X, iOS;2007
BlackSoul;Survival horror;XeniosVision;Windows;2013
Blair Witch;Walking simulator;Bloober Team;Windows;2019
Blair Witch Volume 1: Rustin Parr;Survival horror, action adventure, Psychological horror;Terminal Reality;Windows;2000
Blair Witch Volume 2: The Legend of Coffin Rock;Survival horror, action adventure, Psychological horror;Human Head Studios;Windows;2000
Blair Witch Volume 3: The Elly Kedward Tale;Survival horror, action adventure, Psychological horror;Ritual Entertainment;Windows;2000
Blood;First-person shooter;3D Realms, Monolith Productions;DOS;1997
Blood II: The Chosen;First-person shooter;Monolith Productions;PC, Windows;1998
BloodRayne;Action-adventure, hack and slash;Terminal Reality;Windows, OS X, GameCube, PlayStation 2, Xbox;2002
BloodRayne 2;Action-adventure, hack and slash;Terminal Reality;Windows, PlayStation 2, Xbox;2004
BloodRayne: Betrayal;Action game, hack and slash, platformer;WayForward Technologies, Abstraction Games;Windows, PlayStation 3, Xbox 360;2011
Blue Stinger;Survival horror, action adventure;Climax Graphics;Dreamcast;1999
Buffy the Vampire Slayer;Beat 'em up;The Collective;Xbox;2002
Call of Cthulhu;Survival horror, action role-playing, cosmic horror, Psychological Horror;Cyanide Studio;Windows;2018
Call of Cthulhu: Dark Corners of the Earth;Survival horror, first-person shooter, cosmic horror, Psychological Horror;Headfirst Productions;Xbox, Windows;2005
Calling;Survival horror;Hudson Soft;Wii;2009
Candles;Psychological Horror;Lasse Westmark Nielsen;Windows;2011
Carrier;Survival horror;Jaleco;Dreamcast;2000
Carrion;Reverse horror;Phobia Game Studio;PlayStation 4, Xbox One, Windows, Linux, OS X;2020
Castlevania;Action-adventure, hack and slash, Platformer, Gothic horror;Konami;Family Computer Disk System, Nintendo Entertainment System, PlayChoice-10, Commodore 64, Amiga, DOS, Windows, Game Boy Advance, AT&T Wireless mMode Network, Virtual Console;1986
Castlevania 64;Action-adventure, hack and slash, Gothic horror;Konami;Nintendo 64;1999
Castlevania II: Simon's Quest;Action-adventure, hack and slash, Platformer, Gothic horror;Konami;Family Computer Disk System, Nintendo Entertainment System;1987
Castlevania III: Dracula's Curse;Action-adventure, hack and slash, Platformer, Gothic horror;Konami;Family Computer Disk System, Nintendo Entertainment System;1989
Castlevania: Legacy of Darkness;Action-adventure, hack and slash, Gothic horror;Konami;Nintendo 64;1999
Castlevania: Lords of Shadow;Action-adventure, hack and slash, Platformer;MercurySteam, Kojima Productions;PlayStation 3, Xbox 360, Windows;2010
Castlevania: Lords of Shadow 2;Action-adventure, hack and slash, Platformer;MercurySteam;PlayStation 3, Xbox 360, Windows;2014
Castlevania: The Adventure;Action-adventure, hack and slash, platformer, Gothic horror;Konami;Game Boy, Game Boy Color;1989
Cayne;Adventure game, Point-and-click, science fiction;The Brotherhood;Windows;2017
Chaos Break;Survival horror, Third-person shooter;EON Digital Entertainment;PlayStation;2000
Chaos Heat;Third-person shooter;EON Digital Entertainment;Arcade;1998
Chiller;Light gun shooter;Exidy;Arcade, Nintendo Entertainment System;1986
Claire;Survival horror, adventure game;Hailstorm Games;Windows;2014
Clive Barker's Jericho;First-person shooter, Action game;MercurySteam;Windows, PlayStation 3, Xbox 360;2007
Clive Barker's Undying;First-person shooter, adventure game, cosmic horror;DreamWorks Interactive, Westlake Interactive;Windows, OS X;2001
Clock Tower;Point-and-click adventure, Adventure game, Point-and-click adventure, Stealth;Human Entertainment;Super Famicom, Windows, PlayStation, Wonderswan;1995
Clock Tower 3;Survival horror;Capcom Production Studio 3, Sunsoft;PlayStation 2;2002
Clock Tower II;Survival horror, Point-and-click adventure, Stealth;Human Entertainment, ASCII Entertainment;PlayStation;1996
Clock Tower II: The Struggle Within;Survival horror, Point-and-click adventure, Stealth;Human Entertainment, Agetec Inc.;PlayStation;1998
Clockwork - Three Tapes;First-person Adventure;WIA Studio;Windows;2013
Cold Fear;Survival horror, Third-person shooter, Body horror;Darkworks;Windows, PlayStation 2, Xbox;2005
Colina: Legacy;Third-person shooter, survival horror;Chance6 Studios, LLC;Windows;2018
Concluse;Adventure game, Psychological Horror;Studio Snowspot, T Allen Studios;Windows;2018
Condemned 2: Bloodshot;Survival horror, Melee;Monolith Productions;PlayStation 3, Xbox 360;2008
Condemned: Criminal Origins;Survival horror, Melee;Monolith Productions;Xbox 360, Windows;2005
Corpse Party;Adventure Game, Psychological Horror;Team GrisGris;PC-98;1996
Corpse Party BloodCovered;Adventure Game, Psychological Horror;Team GrisGris;Windows;2008
Corpse Party BloodCovered: ...Repeated Fear;Adventure Game, Psychological Horror;Team GrisGris;PlayStation Portable, iOS, Nintendo 3DS;2010
Corpse Party: Blood Drive;Adventure Game, Psychological Horror;Team GrisGris;PlayStation Vita;2014
Corpse Party: Book of Shadows;Adventure Game, Psychological Horror;Team GrisGris;PlayStation Portable, iOS;2011
Corridor 7: Alien Invasion;First-person shooter;Capstone Software;MS-DOS;1994
Corridors of Genon;First-person adventure;Malcolm Evans, New Generation Software;ZX Spectrum;1983
Countdown Vampires;Survival horror;K2 LLC;PlayStation;1999
Cry of Fear;Survival horror, first-person shooter;Team Psykskallar;Windows;2013
Crying is not Enough;Survival horror, Third-person shooter;Storyline Team;Windows;2018
Cryostasis: Sleep of Reason;Survival horror, first-person shooter, Psychological horror;Action Forms;Windows;2008
Curse: The Eye of Isis;Survival horror;Asylum Entertainment;Xbox, Windows, PlayStation 2;2003
Cursed Mountain;Survival horror, Adventure Game;Sporing Interactive Media;Windows, Wii;2009
D;Puzzle Adventure;WARP;3DO, Sega Saturn, PlayStation, DOS, Windows;1995
D2;Survival horror, action role-playing, cosmic horror;WARP;Dreamcast;1999
Dante's Inferno;Hack and Slash, platformer;Visceral Games;PlayStation 3, Xbox 360, PSP;2010
Dark Apes: The Fate of Devolution;First-person shooter;Wolfgroup;Windows;2005
Dark Echo;Puzzle Adventure;RAC7 Games;Windows;2015
Dark Fall;First-person adventure, psychological horror;XXv Productions;Windows;2002
Dark Fall II: Lights Out;First-person adventure, psychological horror;XXv Productions;Windows;2004
Dark Fall: Ghost Vigil;First-person adventure, psychological horror;Darkling Room;Windows;2020
Dark Fall: Lost Souls;First-person adventure, psychological horror;Darkling Room;Windows;2009
Dark Ocean;Survival horror, Third-person shooter;Dark Ocean Games;Windows;2011
Dark Salvation;First-person shooter;Mangled Eye Studios;Windows, Linux, OS X;2009
Dark Seed II;Point-and-click adventure;Destiny Media Technologies;Windows, Macintosh, Sega Saturn, PlayStation;1995
Dark Souls;Action role-playing game;FromSoftware;PlayStation 3, Xbox 360, Windows, PlayStation 4, Xbox One, Nintendo Switch;2011
Dark Vampires: The Shadows of Dust;First-person shooter;Wolfgroup;Windows;2006
Darkest Dungeon;Roguelite;Red Hook Studios;Windows, OS X, Linux, PlayStation 4, PlayStation Vita, iOS, Nintendo Switch, Xbox One;2016
Darkest Dungeon II;Action role-playing game;Red Hook Studios;Windows;2023
Darkness Within 2: The Dark Lineage;First-person adventure, cosmic horror;Zoetrope Interactive;Windows;2010
Darkness Within: In Pursuit of Loath Nolder;First-person adventure, cosmic horror;Zoetrope Interactive;Windows;2007
DarkSeed;Point-and-click adventure;Cyberdreams;Amiga, Amiga CD32, DOS, Macintosh, Sega Saturn, PlayStation;1992
Darksiders;Hack and slash;Vigil Games;Windows, Xbox 360, PlayStation 3;2010
Darksiders II;Hack and slash;Vigil Games;Windows, Wii U, Xbox 360, Xbox One, PlayStation 3, PlayStation 4;2012
Darkwatch;First-person shooter;High Moon Studios;PlayStation 2, Xbox;2005
Darkwood;Survival horror, top-down shooter;Acid Wizard Studio;Windows, OS X, SteamOS/Ubuntu;2014
Darq;Puzzle-platformer, Psychological horror;Unfold Games;Windows;2019
Dawn of Fear;Survival horror;Brok3nsite;PlayStation 4, Windows;2020
Daylight;Adventure Game;Zombie Studios;PlayStation 4, Windows;2014
Daymare: 1998;Survival horror, Third-person shooter;Invader Studios;Windows, PlayStation 4;2019
Days Gone;Action-adventure, survival horror;Bend Studio;PlayStation 4;2019
DayZ;Survival game, Third-person shooter, first-person shooter, Open world;Bohemia Interactive;Windows;2013
Dead by Daylight;Multiplayer action game;Behavior Interactive;PlayStation 4, Xbox One, Windows, Nintendo Switch;2016
Dead End Road;Driving Game;DDD Wares;Windows;2016
Dead Island;Action role-playing, Action game, Open world;Techland;PlayStation 3, Xbox 360, Windows, OS X, Linux;2011
Dead Island 2;Action role-playing, Action game, Open world;Dambuster Studios;Google Stadia, PlayStation 4, PlayStation 5, Windows, Xbox One, Xbox Series X/S;2023
Dead Island: Riptide;Action role-playing, Action game;Techland;PlayStation 3, Xbox 360, Windows;2013
Dead Realm;First-person shooter;Section Studios;Windows, OS X;2015
Dead Rising;Action game, Beat 'em up, Open world;Capcom;Xbox 360;2006
Dead Rising 2;Action game, Beat 'em up, Open world;Blue Castle Games;PlayStation 3, Xbox 360, Windows;2010
Dead Rising 2: Case West;Action game, Beat 'em up, Open world;Blue Castle Games;Xbox Live Arcade;2010
Dead Rising 2: Case Zero;Action game, Beat 'em up, Open world;Blue Castle Games;Xbox Live Arcade;2010
Dead Rising 2: Off the Record;Action game, Beat 'em up, Open world;Capcom Vancouver;PlayStation 3, Xbox 360, Windows;2011
Dead Rising: Chop Till You Drop;Action game, Beat 'em up, Open world;Tose Software;Wii;2009
Dead Space;Survival horror, Third-person shooter, science fiction, Body horror;Visceral Games;PlayStation 3, Xbox 360, Windows;2008
Dead Space 2;Third-person shooter, survival horror, science fiction, Body horror;Visceral Games;PlayStation 3, Xbox 360, Windows;2011
Dead Space 3;Third-person shooter, science fiction, Body horror;Visceral Games;PlayStation 3, Xbox 360, Windows;2013
Dead Space: Extraction;Rail shooter;Visceral Games, Eurocom;Wii, PlayStation 3;2009
Dead State;Role-playing game;DoubleBear Productions;Windows;2014
Dead Static Drive;Adventure game, cosmic horror;Mike Blackney;Windows, PlayStation 4;2019
Deadly Premonition;Survival horror, Adventure Game, Open world, Mystery;Access Games;PlayStation 3, Xbox 360;2010
Deadly Premonition 2: A Blessing in Disguise;Survival horror, Action-Adventure, Open world, Mystery;TOYBOX Inc.;Nintendo Switch;2020
Deathmaze 5000;Survival horror;Med Systems;TRS-80, Apple II;1980
Deep Fear;Survival horror;Sega;Sega Saturn;1998
Deep Sleep;Point and click;Scriptwelder;Browser;2012
Deeper Sleep;Point and click;Scriptwelder;Browser;2013
Dementium II;Survival horror, first-person shooter;Renegade Kid;Nintendo DS, OS X, Windows;2010
Dementium: The Ward;Survival horror, first-person shooter;Renegade Kid;Nintendo DS;2007
Demon's World;shoot 'em up;Toaplan, Taito;Arcade;1989
Depths of Fear: Knossos;Action-adventure;Dirigo Games;Windows;2014
Devil May Cry;Hack and Slash;Capcom;PlayStation 2, PlayStation 3, Xbox 360, Windows, PlayStation 4, Xbox One;2001
Devotion;First-person adventure, Psychological horror;Red Candle Games;Windows;2019
Dino Crisis;Survival horror, action adventure;Capcom;PlayStation, Dreamcast, Windows;1999
Dino Crisis 2;Survival horror, action adventure;Capcom;PlayStation, PlayStation Network, Windows;2000
Dino Crisis 3;Action-adventure;Capcom;Xbox;2003
Dino Stalker;First-person shooter;Capcom;PlayStation 2;2002
Discover My Body;Point-and-click;Yames;Windows, Linux, macOS;2020
Doctor Hauzer;Survival horror;Riverhillsoft;3DO Interactive Multiplayer;1994
Doki Doki Literature Club!;Visual Novel/Psychological Horror;Team Salvato;Steam;2017
DOOM;First-person shooter, Action game;id Software;Windows, Linux, Xbox;2016
Doom;First-person shooter, Action game;id software;Windows;1993
Doom 3;First-person shooter, Action game;id Software, Activision;Windows, Linux, OS X, Xbox, Xbox 360, PlayStation 3;2004
Doom 3: Resurrection of Evil;First-person shooter, Action game;Nerve Software, id Software, Activision;Windows, Linux, Xbox;2005
Doom 3: The Lost Mission;First-person shooter, Action game;id Software;Windows, Linux, Xbox;2012
DOOM Eternal;First-person shooter, Action game;id Software;Windows, Linux, Xbox;2020
Doom II: Hell on Earth;First-person shooter, Action game;id software;Windows;1994
Doors;First-person escape room;LSPLASH, Red, Ghostly_Wowzers, jasper_creations;Roblox (Xbox One, Windows, MacOS, IOS, Android);2022
Doppelganger;Action-adventure game;The Ryan, Dat Game;Windows, Linux, Mac;2013
Dr. Chaos;Survival horror;Marionette;Nintendo Entertainment System;1987
Dracula: The Days of Gore;First-person shooter;Wolfgroup;Windows;2006
DreadOut;Survival horror;Digital Happiness, PT Digital Semantika Indonesia;Windows, OS X, Linux;2014
DreadOut 2;Survival horror;Digital Happiness;Windows;2020
DreadOut: Keepers of the Dark;Survival horror;Digital Happiness, PT Digital Semantika Indonesia;Windows, OS X, Linux;2016
Dream Of The Blood Moon;Adventure game, Gothic horror, Psychological horror;Daniel Klenk;Windows, Mac;2012
Duck Season;Virtual Reality Horror Game, Older game based fiction, Psychological horror;Stress Level Zero;Steam, PS4, PC;2017
Dusk;First-person shooter, Action game, Psychological horror;David Szymanski;Windows;2018
Dying Light;Action role-playing, Open world;Techland;Windows, PlayStation 4, Xbox One;2015
Dying Light 2;Action role-playing, survival horror;Techland;Windows, PlayStation 4, Xbox One;2022
Dying Light: The Following;Action role-playing, Open world;Techland;Windows, PlayStation 4, Xbox One;2016
Echo;Third-person shooter, Stealth, science fiction;Ultra Ultra;Windows;2017
Ecstatica;Survival horror, Gothic horror;Andrew Spencer Studios;DOS, Windows;1994
Ecstatica II;Adventure game, Gothic horror;Andrew Spencer Studios;DOS, Windows;1997
Edge of Nowhere;Action-adventure game, cosmic horror;Insomniac Games;Windows;2016
Elvira II: The Jaws of Cerberus;First-person adventure, role-playing game, point-and-click adventure game;Horrorsoft;Amiga, Atari ST, C64 DOS;1992
Elvira: Mistress of the Dark;First-person adventure, role-playing game, point-and-click adventure game;Horrorsoft;Amiga, Atari ST, C64 DOS;1990
Emily Wants to Play;Adventure game, Psychological horror;Shawn Hitchcock;Windows, OS X, iOS, Android, PlayStation 4, Xbox One;2015
End of the Line;Survival horror;Plummet Studios;Windows, OS X, Linux;2019
Enemy Zero;Survival horror, Stealth;WARP;Sega Saturn, Windows;1996
Entity;Walking simulator, Psychological Horror;Scythe Dev Team;Windows;2019
Ergastulum;First-person Adventure, Psychological horror;K Monkey;Windows;2019
Escape Dead Island;Action role-playing, Action game;Fatshark;PlayStation 3, Xbox 360, Windows;2014
Escape from Bug Island;Survival horror, Third-person shooter;Spike;Wii;2006
Escape from Monster Manor;First-person shooter;Electronic Arts;3DO Interactive Multiplayer;1993
Escape The Ayuwoki;First person, Puzzle, Survival horror;DeadlyCrow Games;Windows;2019
Eternal Darkness: Sanity's Requiem;Survival horror, action role-playing, cosmic horror;Silicon Knights;Nintendo GameCube;2002
Evil Dead: A Fistful of Boomstick;Hack and slash;VIS Entertainment, THQ;PlayStation 2, Xbox;2003
Evil Dead: Hail to the King;Survival horror;Heavy Iron Studios, THQ;PlayStation, Dreamcast, Windows;2000
Evil Dead: Regeneration;Action game, hack and slash;Cranky Pants Games, THQ;PlayStation 2, Xbox, Windows;2005
Evil Dead: The Game;Survival horror;Saber Interactive;Windows, Xbox One, Xbox Series X/S, PlayStation 4, PlayStation 5, Nintendo Switch;2022
Evil Resistance: Morning of the Dead;First-person shooter, Action game;Openoko Entertainment;Windows;2008
Extermination;Survival horror, Body horror;Deep Space;PlayStation 2;2001
Eyes - The Horror Game / Eyes - Scary & Creepy Survival Horror Game;Asset-Flip;;Windows, Linux, OS X, iOS, Android;2013
F.E.A.R.;First-person shooter, Action game, Psychological horror;Monolith Productions;Windows, Xbox 360, PlayStation 3;2005
F.E.A.R. 2: Project Origin;First-person shooter, Action game, Psychological horror;Monolith Productions;Windows, Xbox 360, PlayStation 3;2009
F.E.A.R. 3;First-person shooter, Action game, Psychological horror;Day 1 Studios;Windows, Xbox 360, PlayStation 3;2011
F.E.A.R. Extraction Point;First-person shooter, Action game, Psychological horror;TimeGate Studios;Windows, Xbox 360;2006
F.E.A.R. Perseus Mandate;First-person shooter, Action game, Psychological horror;TimeGate Studios;Windows, Xbox 360;2007
Fatal Frame  IV / Project Zero IV: Mask of the Lunar Eclipse;Survival horror;Grasshopper Manufacture;Wii, Nintendo Switch, PlayStation 5, PlayStation 4, Xbox Series X and Series S, Xbox One, Steam;2008
Fatal Frame / Project Zero;Survival horror;Tecmo Koei;PlayStation 2, Xbox;2001
Fatal Frame / Project Zero: Maiden of Black Water;Survival horror;Tecmo Koei;Wii U, Nintendo Switch, PlayStation 5, PlayStation 4, Xbox Series X and Series S, Xbox One, Steam;2014
Fatal Frame /Project Zero;Survival horror;Tecmo Koei;PlayStation 2, Xbox;2001
Fatal Frame II / Project Zero II : Crimson Butterfly ;Survival horror;Tecmo Koei;PlayStation 2, Xbox, Wii;2003
Fatal Frame II: Crimson Butterfly /;Survival horror;Tecmo Koei;PlayStation 2, Xbox, Wii;2003
Fatal Frame III / Project Zero III : The Tormented;Survival horror;Tecmo Koei;PlayStation 2, PlayStation Network;2005
Fatal Frame III: The Tormented /;Survival horror;Tecmo Koei;PlayStation 2, PlayStation Network;2005
Fatal Frame: Maiden of Black Water /;Survival horror;Tecmo Koei;Wii U, Nintendo Switch, PlayStation 5, PlayStation 4, Xbox Series X and Series S, Xbox One, Steam;2014
Fatal Frame: Mask of the Lunar Eclipse /;Survival horror;Grasshopper Manufacture;Wii, Nintendo Switch, PlayStation 5, PlayStation 4, Xbox Series X and Series S, Xbox One, Steam;2008
Fear Effect;Action-adventure game, science fiction;Kronos Digital Entertainment;PlayStation;2000
Fear Effect 2: Retro Helix;Action-adventure game, science fiction;Kronos Digital Entertainment;PlayStation;2001
Fear Effect Reinvented;Action-adventure game;Sushee;Windows, Xbox One, PlayStation 4;2020
Fear the Dark Unknown;Survival horror;Dreamlight Games;Windows;2019
Five Nights at Freddy's;Point and click;Scott Cawthon;Windows, Android, IOS;2014
Five Nights at Freddy's 2;Point and click;Scott Cawthon;Windows, Android, IOS;2014
Five Nights at Freddy's 3;Point and click;Scott Cawthon;Windows, Android, IOS;2015
Five Nights at Freddy's 4;Point and click;Scott Cawthon;Windows, Android, IOS;2015
Five Nights at Freddy's: Sister Location;Point and click;Scott Cawthon;Windows, Android, IOS;2016
Flesh Feast;Third-person shooter, Action game;Ingames;Windows;1997
Forbidden Forest;Adventure game;Cosmi Corporation;Commodore 64;1983
Forbidden Siren;Survival horror, Stealth game;Project Siren;PlayStation 2;2003
Forbidden Siren 2;Survival horror, Stealth game;Project Siren;PlayStation 2;2006
Forgotten Memories: Alternate Realities;Survival Horror, Psychological Horror;Psychoz Interactive;Windows;2015
Fran Bow;Psychological Horror;Killmonday Games;Windows, Linux, OS X, Android, iOS;2015-2016
Frankenstein;Text adventure;CRL Group;Amstrad CPC, Commodore 64, ZX Spectrum;1987
Frankenstein: The Monster Returns;Platformer;Tose;Nintendo Entertainment System;1991
Frankenstein's Monster;Platformer;Data Age;Atari 2600;1983
Freddy Fazbear's Pizzeria Simulator;Point and click;Scott Cawthon;Windows;2017
Friday the 13th;Survival horror;Pack-In-Video;Nintendo Entertainment System;1989
Friday the 13th;Action-adventure;Domark;Amstrad CPC, Commodore 64, ZX Spectrum;1985
Friday the 13th: Killer Puzzle;Puzzle game;Blue Wizard Digital;Android, iOS, Nintendo Switch, PlayStation 4, Windows, Xbox One;2018
Friday the 13th: The Game;Multiplayer action game;IllFonic;Windows, PlayStation 4, Xbox One;2017
From Dusk Till Dawn;First-person shooter, Third-person shooter;Cryo Interactive;Windows;2001
Gakkou de atta Kowai Hanashi;Visual novel;Pandora Box;Super Famicom, Virtual Console;1995
Galerians;Survival horror, science fiction, Cyberpunk;Polygon Magic;PlayStation;1999
Garden Variety Body Horror;Survival horror, Parody;Jupiter Lighthouse Games;Windows;2018
Garten of Banban;Adventure, Survival horror;Euphoric Brothers;Windows, Android;2023
Garten of Banban II;Adventure, Survival horror;Euphoric Brothers;Windows, Android;2023
Germs: The Targeted Town;First-person Adventure, Open world, Body horror;KAJ;PlayStation;1999
Ghost House;Side-Scroller;Sega;Sega Master System;1986
Ghost Hunters;Platform game;Oliver Twins;Amstrad CPC, ZX Spectrum;1987
Ghost Manor;Action game;Xonox;Atari 2600, Vic-20, TurboGrafx-16;1983
Ghost Trap;Survival horror;Artoon;Game Boy Advance;2002
Ghost Vibration;On-rails shooter;Artoon;PlayStation 2;2002
Ghoul School;Action game, Metroidvania;Imagineering;Nintendo Entertainment System;1992
Glass Rose;Point-and-click adventure;Capcom;PlayStation 2;2003
Gloomwood;Roguelike, Immersive sim;Dillon Rogers;Windows;2019
Granny;Survival horror;DVloper;iOS, Android, Windows;2017
Granny 3;Survival horror;DVloper;Android, Windows;2021
Granny: Chapter Two;Survival horror;DVloper;iOS, Android, Windows;2019
Gregory Horror Show;Survival horror;Capcom;PlayStation 2;2003
Half-Life;First-person shooter;Valve;Windows, PlayStation 2, OS X, Linux;1998
Halloween;Survival horror;Wizard Video;Atari 2600;1983
Harvester;Adventure game, Mystery;DigiFX Interactive;DOS;1996
Haunted House;Adventure game;Atari;Atari 2600;1981
Haunted House;Role-playing game;Magnavox;Magnavox Odyssey;1972
Haunted House: Cryptic Graves;Survival horror;Dreampainters Software;Windows;2014
Haunting Ground;Survival horror;Capcom;PlayStation 2;2005
Hell was here;First-person shooter;Crystal Lake;Windows;2013
Hell: A Cyberpunk Thriller;Point-and-click adventure;Take-Two Interactive;DOS, 3DO;1994
Hellblade: Senua's Sacrifice;Action-adventure;Ninja Theory;PlayStation 4, Windows;2017
Hellforces;First-person shooter;Orion Games;Windows;2005
Hellnight;Survival horror, First-person Adventure;Atlus;PlayStation;1998
HellSign;Role-playing game, Psychological Horror;Ballistic Interactive;Windows;2018
HellTown;First-person Adventure, Psychological Horror;WildArts;Windows;2016
Hide;First-person Adventure, Psychological Horror;Andrew Shouldice;Windows;2011
Higurashi When They Cry;Visual novel, D?jin soft;07th Expansion;PC, PlayStation 2, Nintendo DS, iOS;2002
Home;Adventure game, Mystery;Benjamin Rivers Inc.;Windows;2012
Horror House;First-person Adventure;Nihon Falcom;NEC PC-8801;1983
House of Usher;Survival horror, adventure game;John and Patty Bell;Atari 8-bit;1980
Hugo's House of Horrors;Adventure game;Gray Design Associates;DOS, Windows;1990
Hungry Ghosts;survival horror, First-person adventure;Deep Space;PlayStation 2;2003
Hunt the Wumpus;Survival horror, Interactive fiction;Gregory Yob;TRS-80;1973
Hunt: Showdown;First-person shooter;Crytek;Windows;2018
Husk°;Survival horror, First-person Adventure;UndeadScout;Windows;2017
I Am Alive;Survival horror, action adventure;Darkworks;PlayStation 3, Xbox 360;2012
I Have No Mouth, and I Must Scream;Point-and-click adventure;The Dreamers Guild;OS X, DOS;1995
Ib;Adventure game;kouri;Microsoft Windows;2012
Ijigen Kara no Dasshutsu: Escape from Twilight Zone;First-person Adventure, Dungeon crawler;Nihon Falcom;FM-7;1984
Illbleed;Survival horror, Parody;Climax Graphics;Dreamcast;2001
I'm Not Alone;Survival horror;TGC, Profenix Studio;Windows;2010
Imabikis?;Visual novel;Chunsoft;PlayStation 3, Wii;2007
Immortality;Interactive film;Sam Barlow;Android, IOS, MacOS, Xbox Series X/S, Windows;2022
Infected;Third-person shooter;Planet Moon Studios;PlayStation Portable;2005
Infestation;Action-adventure, science fiction;Danny Gallagher;Amiga, Atari ST, DOS;1990
Inner Chains;First-person shooter;Telepaths Tree;Windows;2017
Inside;Puzzle-platformer, science fiction;Playdead;Xbox One, PlayStarion 4, Windows;2016
Insmouse No Yakata;Survival horror, First-person Adventure;I'Max Corp.;Virtual Boy;1995
Injection ?23;Survival horror;Abramelin Games;Windows, PlayStation 4;2019
Iron Helix;Adventure game;Drew Pictures;Windows 3.1, Macintosh, Sega CD;1993
It Came from the Desert;Action-adventure;Cinemaware;Amiga, DOS, Sega Genesis/Mega Drive, Turbo Grafx 16;1989
Jack the Ripper;Text adventure;CRL Group;Amstrad CPC, Commodore 64, ZX Spectrum;1987
Juggernaut;Adventure game;Jaleco;PlayStation;1998
Kabus 22;Survival horror;Son Is?k Ltd. (2GEN Studio);Windows;2006
Kalaban;adventure, survival horror, top-down shooter, cosmic horror;Rayhouse Productions;Windows;2016
Kamaitachi no Yoru;Visual novel, D?jin soft;Spike Chunsoft;Super Famicom, PlayStation, Game Boy Advance, PC, mobile, iOS, PlayStation Vita, Windows;1994
Kenseiden;Platformer, Side-Scroller;Sega;Sega Master System;1988
Killing Floor;First-person shooter;Tripwire Interactive;Windows;2009
Killing Floor 2;First-person shooter;Tripwire Interactive;Windows, PlayStation 4;2016
Kirisame ga Furu Mori;Adventure game;HoshikuzuKRNKRN (Sanada Makoto);Windows;2013
Knights Contract;Hack and Slash, Gothic horror;Game Republic;PlayStation 3, Xbox 360;2011
Knock-Knock;Adventure game, Psychological horror;Ice Pick Lodge;Windows;2013
Kowa-Oto;First-person adventure;Chunsoft;iOS;2010
Kuon;Survival horror, Supernatural Horror;From Software;PlayStation 2;2004
Kyoki no Yakata: Horror House Part 2;First-person Adventure;Nihon Falcom;NEC PC-8801;1983
Lakeview Cabin Collection;Survival horror, Parody;Roope Tamminen;Windows;2015
Lamentum;Survival horror;Obscure Tales;Windows;2020
Laplace no Ma;Role-playing game;Group SNE, Vic Tokai;NEC PC-8801, NEC PC-9801, Sharp X68000, DOS, TurboGrafx CD, Super Famicom;1987
Laser Ghost;Shoot 'em up;Sega;Master System;1991
Laser Ghost;Rail shooter;Sega;Arcade;1989
Last Year: The Nightmare;Multiplayer action game;Elastic Games;Windows;2019
Layers of Fear;Walking simulator;Bloober Team;Linux, Windows, macOS, PlayStation 4, Xbox One;2016
Layers of Fear 2;Walking simulator;Bloober Team;Windows, PlayStation 4, Xbox One;2019
Left 4 Dead;First-person shooter;Turtle Rock Studios;Windows, Xbox 360, OS X;2008
Left 4 Dead 2;First-person shooter;Turtle Rock Studios;Windows, Xbox 360, OS X, Linux;2009
Left to Rot;First-person adventure, Psychological Horror;Tarba Paul Cornel, Cârlig Narcis, Galactic Crows Media;PC, Windows;2024
Legendary;First-person shooter;Spark Unlimited;Windows, Xbox 360;2008
Lethe;First-person adventure, Stealth;Koukou Studios;Windows;2016
Lifeline;Survival horror;Sony Computer Entertainment;PlayStation 2;2003
Limbo;Puzzle-platformer;Playdead;Xbox 360, PlayStation3, Windows;2010
LIT;puzzle game;WayForward Technologies;WiiWare;2009
Little Nightmares;Puzzle-platformer, Psychological horror;Tarsier Studios;Windows, PlayStation 4, Xbox One, Nintendo Switch;2017
Little Nightmares II;Puzzle-platformer, survival horror;Tarsier Studios;Windows, PlayStation 4, Xbox One, Nintendo Switch;2021
Lollipop Chainsaw;Hack and slash, Action game;Grasshopper Manufacture;PlayStation 3, Xbox 360;2012
Lone Survivor;Survival horror;Superflat Games;Windows, OS X, Linux, PlayStation 3, PlayStation Vita, PlayStation 4, Wii U;2012
Lost in Vivo;Survival horror;Lag Studios;Windows;2018
Lost Within;Adventure game, supernatural;Human Head Studios, Amazon Game Studios;iOS, Android (operating system);2015
Lucius I;Adventure game;Shiver Games;Windows;2012
Lucius II;Adventure game;Shiver Games;Windows;2015
Lucius III;Adventure game;Shiver Games;Windows;2018
M?rd;Adventure game, Survival game;Black Curtain Studio;Windows;2019
Manhunt;Survival horror, Stealth, Third-person shooter;Rockstar North;PlayStation 2, Xbox, Windows;2003
Manhunt 2;Stealth, Third-person shooter;Rockstar Games;PlayStation 2, PlayStation Portable, Wii, Windows;2007
Maniac Mansion;Point-and-click;Lucasfilm Games;Commodore 64, Apple II, IBM PC, Amiga, Atari ST, Nintendo Entertainment System;1987
Martian Gothic: Unification;Survival horror;Creative Reality;Windows, PlayStation;2000
Mashou no Yakata: Goblin;Run and gun;Pony Canyon;MSX;1987
Metro 2033;First-person shooter;4A Games;Windows, Xbox 360;2010
Metro Exodus;First-person shooter;4A Games;PlayStation 4, Windows, Xbox One, Stadia, Linux, MacOS, PlayStation 5, Xbox Series X/S;2019
Metro: Last Light;First-person shooter;4A Games;Windows, Xbox 360, PS3;2013
Michigan: Report from Hell;First-person adventure;Grasshopper Manufacture;PlayStation 2;2004
Mizzurna Falls;Adventure game;Human Entertainment;PlayStation;1998
Monster Bash;Platformer;Sega;Arcade;1982
Monster House;Action-adventure;Artificial Mind and Movement;PlayStation 2, Nintendo DS, GameCube, Game Boy Advance;2006
Monster House;First-person Adventure;Nihon Falcom;Sharp MZ;1984
Monster Madness: Battle for Suburbia;Shoot 'em up;Artificial Studios, Immersion Games;Xbox 360, Windows;2007
Monster Madness: Grave Danger;Shoot 'em up;Psyonix Studios, Immersion Games;PlayStation 3;2008
Moonlight Syndrome;Adventure game;Human Entertainment;PlayStation;1997
Murder House;Survival horror;Puppet Combo;PC, PlayStation 4, Xbox One, Nintendo Switch;2020
Musya;Adventure game, Platformer;Jorudan;Super Nintendo Entertainment System;1992
My Father's Long, Long Legs;Interactive fiction;Michael Lutz;;2014
Mystery House;Adventure game;On-Line Systems;Apple II;1980
Mystic Nights;Survival horror;N-Log Corporation;PlayStation 2;2005
Nanashi no Game;First-person adventure, Psychological Horror;Epics;Nintendo DS;2008
Nanashi no Game: Me;First-person adventure, Psychological Horror;G-artists;Nintendo DS;2009
Necronomicon: The Dawning of Darkness;point-and-click, adventure game;Cryo Interactive;Windows, PlayStation;2001
NecroVisioN;First-person shooter, Alternate history;The Farm 51;Windows;2009
Negative Atmosphere;Third-person shooter;Sunscorched Studios Ltd;Windows;2019
Night of the Nun;First-person adventure;Puppet Combo;Windows;2018
Night Slashers;Beat'em up;Data East;Arcade;1993
Night Stalker;Beat 'em up;Mattel;Intellivision;1982
NightCry;Survival horror;Nude Maker;PC;2016
Nightfall: Escape;First-person adventure, Psychological Horror;Zeenoh;Windows, macOS, Linux;2016
Nightmare Creatures;Beat 'em up, action adventure, Gothic horror;Kalisto Entertainment;PlayStation, Windows, Nintendo 64, Mobile Phone;1997
Nightmare Creatures II;Beat 'em up, action adventure, Gothic horror;Kalisto Entertainment;PlayStation, Dreamcast;2000
ninvited;point-and-click, adventure game;ICOM Simulations;Apple IIGS, Amiga, Atari ST, Commodore 64, Macintosh, NES, Famicom, PC, Pocket PC;1986
Nitemare 3D;First-person shooter;Gray Design Associates;DOS, Windows;1994
NOCT;Survival horror, Survival game, top-down shooter;C3SK;Windows;2015
Nocturne;Survival horror, adventure game;Terminal Reality;Windows;1999
Northbury Grove;Survival horror, Stealth;Scythe Dev Team;Windows;2018
Northbury Grove: King's Comfort;Survival horror, Stealth;Scythe Dev Team;Windows;2019
Nosferatu;Platformer, Beat'em up;SETA Corporation;Super Nintendo Entertainment System;1994
Nosferatu the Vampyre;Platformer;Piranha;Amstrad CPC, Commodore 64, ZX Spectrum;1986
Nosferatu: The Wrath of Malachi;Survival horror, first-person shooter, Roguelike;Idol FX;Windows;2003
Nostromo;Survival horror;Akira Takiguchi;PET 2001, PC-6001;1981
ObsCure;Survival horror;Hydravision Entertainment;PlayStation 2, Xbox, Windows;2004
ObsCure II;Survival horror;Hydravision Entertainment;Windows, PlayStation 2, Wii, PlayStation Portable;2007
Off;Psychological horror;Unproductive Fun Time;Windows;2008
Omori;Third-person adventure, Psychological horror;OMOCAT;Windows, Windows;2020
One Late Night;First-person adventure, Psychological horror;Black Curtain Studio;Windows, Linux, OS X;2013
Onimusha 2: Samurai's Destiny;Hack and slash, action adventure;Capcom;PlayStation 2, Windows;2002
Onimusha 3: Demon Siege;Hack and slash, action adventure;Capcom;PlayStation 2, Windows;2004
Onimusha: Warlords;Survival horror, hack and slash;Capcom;PlayStation 2, Xbox, Windows;2001
Outbreak: Lost Hope;Survival horror;Dead Drop Studios LLC;Windows;2019
Outbreak: The New Nightmare;Survival horror;Dead Drop Studios LLC;Windows, Xbox One;2018
Outbreak: The Nightmare Chronicles;Survival horror;Dead Drop Studios LLC;Windows;2018
Outlast;First-person adventure, Psychological horror;Red Barrels;Windows, Xbox One, PlayStation 4;2013
Outlast 2;First-person adventure, Psychological horror;Red Barrels;Windows, Xbox One, PlayStation 4;2017
OverBlood;Survival Horror, science fiction;Riverhillsoft;PlayStation;1997
Overkill's The Walking Dead;First-person shooter;Overkill Software;Windows;2018
Pandorum;Third-person shooter;Artificial Life, Inc.;iOS;2009
Paracusia;Survival horror, adventure game;DarknetFoxes;Windows;
Paranoid;Survival horror;Madmind Studio;Windows;
Parasite Eve;survival horror, Action role-playing, Body horror;Square Usa, Inc.;PlayStation;1998
Parasite Eve II;survival horror, Action role-playing, Body horror;Squaresoft, Inc.;PlayStation;1999
Paratopic;Walking simulator, Psychological horror, cosmic horror;Arbitrary Metric;Windows;2018
Pathologic;Survival game, Role-playing game, Immersive sim, adventure game, Psychological horror, cosmic horror;Ice-Pick Lodge;Windows;2005
Penumbra Episode One: Overture;Survival horror, first-person shooter;Frictional Games;Windows, Linux, OS X;2007
Penumbra Episode Two: Black Plague;First-person adventure, Psychological horror, cosmic horror;Frictional Games;Windows, Linux, OS X;2008
Perception;First-person adventure, Psychological horror;The Deep End Games;Windows, Nintendo Switch, PlayStation 4, Xbox One;2017
Phantasmagoria;Point-and-click;Sierra On-Line, Kronos Digital Entertainment;DOS, Windows, OS X, Sega Saturn;1995
Phantasmagoria: A Puzzle of Flesh;Point-and-click;Sierra Entertainment;DOS, Windows;1996
Phantom Slayer;First-person shooter, Adventure Game, Maze game;Med Systems;TRS-80 Color Computer, Dragon 32/64;1982
Phasmophobia;First-person;Kinetic Games;Windows;2020
Pineview Drive;First-person adventure;VIS Games;Windows, Linux;2014
Poppy Playtime;Survival horror, puzzle;MOB Games;Windows, Android, iOS;2021
Power Drill Massacre;Adventure games;Puppet Combo;Windows;2015
Predator: Hunting Grounds;Asymmetric survival horror, first-person shooter;IllFonic;PlayStation 4;2020
Prey;Immersive sim, Survival Horror, action adventure, first-person shooter, science fiction;Arkane Studios;Windows, PlayStation 4, Xbox One;2017
Project Abel;Survival horror, Alternate history;Abeldev;Windows;2019
Project Firestart;Survival horror, science fiction;Dynamix;Commodore 64;1989
Project Xenoclone;Action game, top-down shooter;Oniric Games;Windows;2006
Prototype Mansion;Survival horror, Parody;Jupiter Lighthouse Games;Windows;2018
Rake;Hunting game;Konsordo;Windows;2015
Realms of the Haunting;First-person shooter;Gremlin Interactive;Windows 95;1996
Reikoku : Kizoku Ikeda's Psychics Laboratory;First-person adventure;Infinity;PlayStation;2000
Remothered: Broken Porcelain;Survival horror, Stealth;Darril Arts Modus Games;PlayStation 4, Xbox One, Windows;2020
Remothered: Tormented Fathers;Survival horror, Stealth;Darril Arts;PlayStation 4, Xbox One, Windows;2018
République;Stealth, point-and-click, science fiction, Cyberpunk;Camouflaj;Windows;2016
Resident Evil;Survival horror;Capcom;PlayStation, Windows, Sega Saturn, Nintendo DS;1996
Resident Evil ? Code: Veronica;Survival horror;Capcom;Dreamcast, PlayStation 2, GameCube, Xbox 360, PlayStation 3;2000
Resident Evil 2;Survival horror;Capcom;PlayStation, Windows, Nintendo 64, Dreamcast, Nintendo GameCube;1998
Resident Evil 2 (remake);Survival horror;Capcom;PlayStation 4, Xbox One, Windows;2019
Resident Evil 3;Survival horror;Capcom;PlayStation 4, Windows, Xbox One;2020
Resident Evil 3: Nemesis;Survival horror;Capcom;PlayStation, Dreamcast, Windows, Nintendo GameCube;1999
Resident Evil 4;Third-person shooter, survival horror;Capcom;Nintendo GameCube, PlayStation 2, Windows, Nintendo Wii, PlayStation 3, Xbox 360;2005
Resident Evil 4 (remake);Survival horror;Capcom;Windows, PlayStation 5, Xbox Series X and Series S;2023
Resident Evil 5;Third-person shooter;Capcom;PlayStation 3, Xbox 360, Windows;2009
Resident Evil 6;Third-person shooter;Capcom;PlayStation 3, Xbox 360 Windows;2012
Resident Evil 7: Biohazard;Survival horror, Gothic horror;Capcom;PlayStation 4, Xbox One, Windows;2017
Resident Evil Gaiden;Action-adventure;Capcom, M4;Game Boy Color;2001
Resident Evil Outbreak;Survival horror, Multiplayer;Capcom;PlayStation 2;2003
Resident Evil Outbreak: File #2;Survival horror, Multiplayer;Capcom;PlayStation 2;2004
Resident Evil RE:Verse;Multiplayer, Survival horror;Capcom;Windows, PlayStation 4, PlayStation 5, Xbox One, Xbox Series X and Series S;2022
Resident Evil Survivor;First-person shooter;Capcom, TOSE;PlayStation;2000
Resident Evil Village;Survival horror, Gothic horror;Capcom;PlayStation 5, PlayStation 4, Windows, Xbox One, Xbox Series X and Series S;2021
Resident Evil Zero;Survival horror;Capcom;GameCube, Wii, Windows, PlayStation 3, PlayStation 4, Xbox 360, Xbox One;2002
Resident Evil (remake);Survival horror;Capcom;Nintendo GameCube, Nintendo Wii, Xbox 360, PlayStation 3, Windows, Xbox One, PlayStation 4;2002
Resident Evil: Dead Aim;First-person shooter/Third-person shooter;Capcom, Cavia;PlayStation 2;2003
Resident Evil: Operation Raccoon City;Third-person shooter, Survival horror;Slant Six Games, Capcom;PlayStation 3, Xbox 360, Microsoft Windows;2012
Resident Evil: Revelations;Survival horror;Capcom;PlayStation 3, Xbox 360 Windows;2012
Resident Evil: Revelations 2;Survival horror;Capcom;Windows, PlayStation 3, PlayStation 4, PlayStation Vita, Xbox 360, Xbox One;2015
Resistance 2;First-person shooter;Insomniac Games;PlayStation 3;2008
Resistance 3;First-person shooter;Insomniac Games;PlayStation 3;2011
Resistance: Fall of Man;First-person shooter;Insomniac Games;PlayStation 3;2006
Return to Castle Wolfenstein;First-person shooter, Supernatural Horror, science fiction;Gray Matter Studios, Id Software;Windows, Linux, OS X, Xbox, PlayStation 2;2001
Return to Haunted House;Adventure game;?;Atari 2600;1983
Returnal;Third-person shooter, Roguelike, Psychological horror;Housemarque;PlayStation 5;2021
Rise of Nightmares;Survival horror;Sega;Xbox 360 Kinect;2011
Robert D. Anderson and the Legacy of Cthulhu;First-person shooter;Homegrown Games;Windows;2007
Rule of Rose;Survival horror;Punchline;PlayStation 2;2006
Run Like Hell;Survival horror, Third-person shooter;Digital Mayhem;PlayStation 2, Xbox;2002
S.T.A.L.K.E.R.: Call of Pripyat;First-person shooter, Immersive sim;GSC Game World;Windows;2009
S.T.A.L.K.E.R.: Clear Sky;First-person shooter, Immersive sim;GSC Game World;Windows;2008
S.T.A.L.K.E.R.: Shadow of Chernobyl;First-person shooter, Immersive sim;GSC Game World;Windows;2007
Sagebrush;Walking simulator;Redact Games;Windows;2018
Sally Face;adventure;Portable Moose;Nintendo Switch, Windows, macOS, PlayStation 4, PlayStation 5;2016-2019
Sanitarium;point-and-click;DreamForge Intertainment;Windows;1998
Saw;Survival horror;Zombie Studios;Windows, PlayStation 3, Xbox 360;2009
Saw II: Flesh & Blood;survival horror;Zombie Studios;PlayStation 3, Xbox 360;2010
Scary Tales Vol. 1;Adventure;Puppet Combo;Windows;2019
Scorn;First-person shooter, cosmic horror;Ebb Software;Windows;
SCP – Containment Breach;First-person adventure;Joonas Rikkonen;Windows;2012
Scratches;First-person adventure, point-and-click, Psychological horror;Nucleosys;PC;2006
Search Party;Survival horror;Lum;Windows;2019
Shadow Man;Action-adventure game;Acclaim Studios Teesside;Nintendo 64, Dreamcast, PlayStation, Windows;1999
Shadows of the Damned;Action game, Third-person shooter;Grasshopper Manufacture;PlayStation 3, Xbox 360;2011
Shark Jaws;Adventure game;Atari;Arcade;1975
Shiryou Sensen: War of the Dead;Survival horror, Action role-playing game;Fun Factory;MSX2, NEC PC-8801, PC Engine;1987
Shiryou Sensen: War of the Dead Part 2;Survival horror, Action role-playing game;Fun Factory;MSX2, NEC PC-8801, PC Engine;1988
Signalis;Survival horror, Psychological horror;rose-engine;Windows, PC, PlayStation 4, Xbox One, Nintendo Switch;2022
Silent Hill;Survival horror, Psychological horror;Team Silent;PlayStation, PlayStation Network;1999
Silent Hill 2;Survival horror, Psychological horror;Team Silent;PlayStation 2, Xbox, Windows, PlayStation 3, Xbox 360;2001
Silent Hill 2 (remake);Survival horror, Psychological horror;Bloober Team;PlayStation 5, Windows;TBA
Silent Hill 3;Survival horror, Psychological horror;Team Silent;PlayStation 2, Windows, PlayStation 3, Xbox 360;2003
Silent Hill 4: The Room;Survival horror, Psychological horror;Team Silent;PlayStation 2, Windows, Xbox;2004
Silent Hill: Book of Memories;Hack and slash;WayForward Technologies;PlayStation Vita;2012
Silent Hill: Downpour;Survival horror, Psychological horror;Vatra Games;PlayStation 3, Xbox 360;2012
Silent Hill: Homecoming;Third-person shooter;Double Helix Games;Windows, PlayStation 3, Xbox 360;2008
Silent Hill: Origins;Survival horror;Climax Studios;PlayStation 2, PlayStation Portable;2007
Silent Hill: Shattered Memories;Adventure game, Psychological horror;Climax Studios;Wii, PlayStation 2, PlayStation Portable, PlayStation Network;2009
Singularity;First-person shooter, science fiction;Raven Software;Windows, Xbox 360, PlayStation 3;2010
Sir, You Are Being Hunted;First-person shooter, Stealth game, Open world;Big Robot;PC;2014
Siren: Blood Curse;Survival horror, Stealth game;Project Siren;PlayStation 3;2008
Slender: The Arrival;First-person adventure;Parsec Productions;Windows, OS X, Xbox 360, PlayStation 3;2013
Slender: The Eight Pages;First-person adventure;Parsec Productions;Windows, OS X;2012
Soft & Cuddly;Arcade Adventure;The Power House;ZX Spectrum;1987
SOMA;First-person adventure, science fiction, Psychological horror, Body horror;Frictional Games;Linux, OS X, Windows, PlayStation 4;2015
Soul of the Samurai;Action-adventure;Konami;PlayStation;1999
Space Gun;Shoot 'em up, Rail Shooter, science fiction;Taito;Amiga, Arcade, Atari ST, Commodore 64, PC, PlayStation 2, Sega Master System, Xbox, ZX Spectrum;1990
Splatterhouse;Beat 'em up, hack and slash;BottleRocket, Namco Bandai Games;PlayStation 3, Xbox 360;2010
Splatterhouse;Beat 'em up;Namco;Arcade, PC Engine;1988
Splatterhouse 2;Beat 'em up;Namco;Sega Genesis;1992
Splatterhouse 3;Beat 'em up;Namco;Sega Genesis;1993
Spooky's House of Jumpscares;Psychological Horror, Parody;Lag Studios;Windows;2015
Stasis;Adventure game, Point-and-click, science fiction;The Brotherhood;Windows;2015
Stay Still;Walking simulator, Psychological horror;Tarba Paul Cornel, Galactic Crows Media;PC, Windows;2023
Summerford;Survival horror;Noisy Valley Studios;Windows;
Super Castlevania IV;Action-adventure, hack and slash, Platformer, Gothic horror;Konami;Super Nintendo Entertainment System;1991
Sweet Home;Action role-playing;Capcom;Nintendo Entertainment System;1989
Sylvio;Adventure game;Apostrophe;Windows, OS X;2015
System Shock;First-person shooter, Immersive sim, science fiction, Body horror, Cyberpunk;Looking Glass Studios;DOS, OS X, Windows;1994
System Shock 2;First-person shooter, Immersive sim, science fiction, Body horror;Irrational Games, Looking Glass Studios;PC, Windows;1999
Tattletail;Survival horror;Waygetter Electronics;Windows, Mac OS;2016
Team Innocent: The Point of No Return;Adventure game, survival horror, science fiction;Hudson Soft Company, Ltd.;PC-FX;1994
Tecmo's Deception: Invitation to Darkness;Strategy-RPG;Tecmo;PlayStation, PlayStation Network;1996
Teleglitch;Roguelike, top-down shooter;Test3 Projects;Windows, OS X, Linux;2013
Terror House;Adventure game;Bandai;Bandai LCD Solarpower;1982
Terror T.R.A.X.: Track of the Vampire;Interactive Movie;Ground Zero Productions;Windows, Macintosh;1995
The 11th Hour;Adventure game, puzzle, supernatural;Trilobyte;DOS, Windows, Macintosh;1995
The 3rd Birthday (Parasite Eve 3);Action role-playing, Third-person shooter;Square Enix, HexaDrive;PlayStation Portable;2010
The 7th Guest;Interactive movie, adventure game, puzzle Supernatural;Trilobyte;DOS, Windows, CD-i, OS X, iOS;1993
The Alley;Adventure;ReDim;Windows, Mac OS;
The Beast Inside;Psychological Horror;Illusion Ray;Windows;2019
The Black Mirror I: Death's Messenger;Point-and-click;Future Games;Windows;2003
The Black Mirror II: Reigning Evil;Point-and-click;Cranberry Production GmbH;Windows;2009
The Black Mirror III: Final Fear;Point-and-click;Cranberry Production GmbH;Windows;2011
The Blackout Club;Survival horror, Immersive sim;Question;Windows;2018
The Bornless;Horror Royale;Cathedral Studios;Windows;2023
The Callisto Protocol;Survival horror;Striking Distance Studios;Windows, PlayStation 5, Xbox Series X/S;2022
The Coma: Cutting Class;side scroller, survival horror;Devespresso Games,;Windows;2015
The Count Lucanor;Adventure game;Baroque Decay;Windows;2016
The Dark Eye;Point-and-click;inSCAPE;PC, Mac;1995
The Dark Pictures Anthology: House of Ashes;Interactive drama, survival horror;Supermassive Games;PlayStation 4, PlayStation 5, Windows, Xbox One, Xbox Series X/S;2021
The Dark Pictures Anthology: Little Hope;Interactive drama, survival horror;Supermassive Games;PlayStation 4, Windows, Xbox One;2020
The Dark Pictures Anthology: Man of Medan;Interactive drama, survival horror;Supermassive Games;PlayStation 4, Windows, Xbox One;2019
The Dark Pictures Anthology: The Devil in Me;Interactive drama, survival horror;Supermassive Games;PlayStation 4, PlayStation 5, Windows, Xbox One, Xbox Series X/S;2022
The Dark Pictures: Switchback VR;Rail shooter;Supermassive Games;PlayStation VR2;2023
The Darkness;First-person shooter;Starbreeze Studios, 2K Games;PlayStation 3, Xbox 360;2007
The Darkness II;First-person shooter;Digital Extremes, 2K Games;PlayStation 3, Xbox 360;2012
The Deepest Sleep;Point and click;Scriptwelder;Browser;2014
The Divide: Enemies Within;Metroidvania;Radical Entertainment;Windows, PlayStation;1996
The Evil Dead;Adventure game;Palace Software;Commodore 64, ZX Spectrum;1984
The Evil Within;Survival horror, action role-playing;Tango Gameworks;Windows, PlayStation 3, PlayStation 4, Xbox One, Xbox 360;2014
The Evil Within 2;Survival horror, action role-playing, Open world;Tango Gameworks;Windows, PlayStation 4, Xbox One;2017
The Glass Staircase;Survival horror;Puppet Combo;Windows;2019
The Grinder;First-person shooter;High Voltage Software;Wii, PlayStation 3, Xbox 360, Windows;2011
The Guardian of Darkness;Survival horror;Cryo Interactive;Windows, PlayStation;1999
The Horrors: Lost Tape;Survival horror;QuocMT;Windows;2022
The House of the Dead;Rail Shooter;Wow Entertainment;Arcade, Windows, Sega Saturn, Wii, Xbox;1996
The Hunt;First-person shooter, Melee;Orion Games;Windows;2008
The Inpatient;Survival horror;Supermassive Games;PlayStation 4;2018
The Last Door;Graphic-adventure;The Game Kitchen;Android, IOs;2013
The Last of Us;Action-adventure, Third-person shooter, Stealth, survival horror;Naughty Dog;PlayStation 3;2013
The Last of Us Part II;Action-adventure, Third-person shooter, Stealth, Survival horror;Naughty Dog;PlayStation 4;2020
The Last of Us: Left Behind;Action-adventure, Third-person shooter, Stealth, survival horror;Naughty Dog;PlayStation 3, PlayStation 4;2014
The Legacy: Realm of Terror;Role-playing video game;Magnetic Scrolls;DOS;1993
The Lurking Horror;interactive fiction;Infocom;Amiga, Amstrad CPC/PCW, Apple II, Atari 8-bit, Atari ST, Commodore 64/128, Macintosh, DOS;1987
The Medium;Psychological horror;Bloober Team;Windows, Xbox Series X and Series S;2021
The Nightfall;Survival horror, Psychological horror;VIS-Games;Windows;2018
The Note;First-person adventure, survival horror;Team Bughouse;PlayStation;1997
The Padre;Survival horror, Parody;Shotgun with Glitters;Windows;2019
The Park;First-person adventure;Funcom;Windows, PlayStation 4, Xbox One;2015
The Path;Walking simulator;Tale of Tales;Windows, OS X;2009
The Persistence;Action-adventure game, Roguelike, science fiction;Firesprite;PlayStation 4;2018
The Quarry;Interactive drama, survival horror;Supermassive Games;Windows, PlayStation 4, PlayStation 5, Xbox One, Xbox Series X/S;2022
The Queen Anne's Revenge;Browser game;Arrowshot Games;Browser;2013
The Rats;Interactive fiction;Hodder & Stoughton;Commodore 64, ZX Spectrum;1985
The Ring: Terror's Realm;Survival horror;Asmik Ace Entertainment, Nurding Group;Dreamcast;2000
The Screamer;Action role-playing game;Magical Zoo;NEC PC-8801;1985
The Silent House;First-person adventure;Lowman;Windows;2017
The Sinking City;Action-adventure, survival horror;Frogwares;Windowsr, PlayStation 4;2019
The Space Between;Walking simulator, Psychological horror;Chrstphfr;Windows;2019
The Suffering;First-person shooter/third-person shooter;Surreal Software;PlayStation 2, Xbox, Windows;2004
The Suffering: Ties That Bind;First-person shooter/third-person shooter;Surreal Software;PlayStation 2, Xbox, Windows;2005
The Texas Chain Saw Massacre;Survival horror;Sumo Nottingham;Microsoft Windows, Xbox One, Xbox Series X/S, PlayStation 4, PlayStation 5;2023
The Texas Chainsaw Massacre;Adventure game;Wizard Video;Atari 2600;1982
The Thing;First-person shooter/Third-person shooter, survival horror, Body horror;Computer Artworks;PlayStation 2, Windows, Xbox;2002
The Void;First-person adventure;Ice-Pick Lodge;Windows;2008
The Walking Dead;Graphic adventure game;Telltale Games;Multiple;2012
The Walking Dead: Survival Instinct;First-person shooter;Terminal Reality;Windows;2013
The X-Files: Resist or Serve;Survival horror;Black Ops Entertainment;PlayStation 2;2004
Them & Us;Survival horror;Tendogames;Windows;2019
Theresia;Visual novel, adventure game, Psychological horror;WorkJam;Nintendo DS, iOS;2008
Through The Woods;Survival horror;Antagonist Games;Windows;2016
Til Morning's Light;Adventure game, puzzle;WayForward Technologies, Amazon Game Studios;iOS, Android (operating system);2015
Tokyo Twilight Busters;Adventure game, Point-and-click;Wolf Team;NEC PC-9801;1995
Tormented Souls;Psychological Horror, Survival Horror;PQUBE;PS5, PS4, Xbox Series X, Xbox One, Nintendo Switch, Windows PC;2021
Total Chaos;Survival, survival horror;Wadaholic;Windows;2018
Tumbal: The Dark Offering;Sidescroller, Psychological horror;PEStudio;iOS;2016
Twilight Syndrome: Kinjirareta Toshi Densetsu;Adventure;Spike;Nintendo DS;2008
Twilight Syndrome: Ky?mei-hen;Adventure;Human Entertainment;PlayStation;1996
Twilight Syndrome: Saikai;Adventure;Spike;PlayStation;2000
Twilight Syndrome: Tansaku-hen;Adventure;Human Entertainment;PlayStation;1996
Twisted Metal: Black;Vehicle combat;Incognito Entertainment;PlayStation 2, PlayStation 4;2001
Ultimate Custom Night;Point and click;Scott Cawthon;Windows;2018
Unforgiving: A Northern Hymn;Survival horror, First-person adventure, Stealth;Angry Demon Studio;Windows;2017
Until Dawn;Adventure game;Supermassive Games;PlayStation 4;2015
Until Dawn: Rush of Blood;Rail shooter;Supermassive Games;PlayStation 4;2016
Unturned;Survival;Nelson Sexton;Windows, OS X;2014
Vaccine;Survival horror;RNC;Windows, Wii U, Nintendo Switch;2017
Vampire Killer;Platform game;Konami;MSX2, Wii U (Virtual Console);1986
Vampire Rain;Survival horror, Stealth game;Artoon;Xbox 360, PlayStation 3;2007
Vampire: The Masquerade - Bloodlines;action role-playing video game;Troika Games;Windows;2004
VIGIL: Prophecy of the Bestowed;Survival horror;Residence of Evil, MoonGlint;Windows;2019
Virus : It's Aware;Third-person shooter;Cryo Interactive;Windows;1999
Walls Closing In;Survival horror, Stealth;Scythe Dev Team;Windows;2019
Water Womb World;Point-and-click;Yames;Windows, macOS;2020
We Happy Few;Survival, Stealth, Open world;Compulsion Games;Windows, Xbox One;2016
White Day;First-person adventure, Supernatural Horror;ROI Games;Android, iOS, Windows, PlayStation 4;2015
White Day: A Labyrinth Named School;First-person adventure, Supernatural Horror;Sonnori;Windows;2001
White Night;Survival horror;Osome/Parallel Studio;Windows, Xbox One, PlayStation 4, OS X, Linux;2015
Wolfenstein;First-person shooter, Supernatural Horror, science fiction;Raven Software;Windows, PlayStation 3, Xbox 360;2009
Wolfenstein 3D;First-person shooter;Id Software;Acorn Archimedes, Amiga 1200, Apple IIGS, NEC PC-9801, SNES, Atari Jaguar, GBA, 3DO;1992
Wolfenstein: Spear of Destiny;First-person shooter;Id Software;MS-DOS,;1992
Wolfenstein: The Old Blood;First-person shooter, Supernatural Horror;MachineGames;Windows, PlayStation 4, Xbox One;2015
World of Horror;point-and-click, cosmic horror;Panstas;Windows;
World War Z;Third-person shooter, survival horror;Saber Interactive;Windows, PlayStation 4, Xbox One;2019
Xenophobe;Run and gun;Bally Midway;Arcade, Nintendo Entertainment System;1987
You Are Empty;First-person shooter, Alternate history;Mandel ArtPlains, Digital Spray Studios;Windows;2006
Yume Nikki;Psychological horror;Kikiyama;Windows;2004
Yuppie Psycho;Adventure game;Baroque Decay;Windows;2019
Yuuyami Doori Tankentai;Adventure;Spike;PlayStation;1999
Zaphie;Point-and-click, First-person adventure;MiraSpace Entertainment;Windows;1999
Zaphie 2;Survival horror, Third-person adventure;MiraSpace Entertainment;Windows;2002
Zero Tolerance;First-person shooter;Technopop;Genesis;1994
Zombi;First-person adventure, Point-and-click;Ubi soft;Amstrad CPC, Amiga, Commodore 64;1986
Zombie Raid;Rail Shooter;American Sammy;Arcade;1995
ZombiU;First-person shooter, survival horror;Ubisoft Montreal;Wii U, Windows;2012
